date,Casos de dengue
2019-11-23,2698.8588505430034
2019-11-24,3079.6329381270452
2019-11-25,20178.66807391622
2019-11-26,7351.765291732631
2019-11-27,17059.857287329283
2019-11-28,12688.054498064925
2019-11-29,1166.6049149625442
2019-11-30,11179.326513774486
2019-12-01,115732.67349725259
2019-12-02,11631.43632837977
2019-12-03,78458.99384965241
2019-12-04,56805.14566774146
2019-12-05,113386.77708562334
2019-12-06,97285.46006421809
2019-12-07,87180.77809315296
2019-12-08,86318.55493565756
2019-12-09,63377.11628387434
2019-12-10,63977.799894182135
2019-12-11,47287.54165874379
2019-12-12,108880.71753527659
2019-12-13,111789.51131417791
2019-12-14,24455.499837807143
2019-12-15,45273.41974648304
2019-12-16,38634.59853005476
2019-12-17,110683.90909142508
2019-12-18,99100.06249301559
2019-12-19,21087.96955853202
2019-12-20,22678.740605036168
2019-12-21,110591.10425625017
2019-12-22,126631.89732955693
2019-12-23,107285.5403540822
2019-12-24,117310.51173135519
2019-12-25,43051.43766052277
2019-12-26,23964.50132396723
2019-12-27,111789.51131417791
2019-12-28,78458.99384965241
2019-12-29,124764.99585341656
2019-12-30,63377.11628387434
2019-12-31,91419.2108741782
2020-01-01,117466.58019771149
2020-01-02,104716.85601279362
2020-01-03,119383.09820126259
2020-01-04,44120.18528343395
2020-01-05,37666.05909294225
2020-01-06,39770.36747212618
2020-01-07,101804.01233744527
2020-01-08,64062.91577949838
2020-01-09,104718.421168122
2020-01-10,18550.142938253997
2020-01-11,101980.26586561614
2020-01-12,99311.93175623422
2020-01-13,114548.87238386874
2020-01-14,120072.93505989005
2020-01-15,114373.65599626735
2020-01-16,106471.97687775157
2020-01-17,99279.21325018445
2020-01-18,104716.85601279362
2020-01-19,95413.13509080534
2020-01-20,102165.2008462104
2020-01-21,64062.91577949838
2020-01-22,113780.38425168037
2020-01-23,104254.81295764333
2020-01-24,102701.66412865919
2020-01-25,69795.93848328757
2020-01-26,40283.25969869214
2020-01-27,95413.13509080534
2020-01-28,113881.48537580413
2020-01-29,40681.48446805099
2020-01-30,115977.10835712701
2020-01-31,65627.53713495983
2020-02-01,78563.37517361388
2020-02-02,28600.03932445397
2020-02-03,91230.00982927297
2020-02-04,55823.482697980595
2020-02-05,106838.35517454425
2020-02-06,40072.235009315555
2020-02-07,13415.498324528395
2020-02-08,16907.016439397084
2020-02-09,110995.52808578538
2020-02-10,32742.277343055754
2020-02-11,109975.33936900759
2020-02-12,55402.9626400668
2020-02-13,114006.63136440718
2020-02-14,87296.7626730156
2020-02-15,115021.158785253
2020-02-16,93854.77009377879
2020-02-17,104995.27313261083
2020-02-18,42074.85294618447
2020-02-19,95413.13509080534
2020-02-20,114417.20438023658
2020-02-21,116304.95029424837
2020-02-22,13242.101304969492
2020-02-23,55881.61496441988
2020-02-24,25072.561312006193
2020-02-25,95413.13509080534
2020-02-26,95413.13509080534
2020-02-27,21457.340796819502
2020-02-28,43098.38624206997
2020-02-29,115172.85840156312
2020-03-01,127119.45698538261
2020-03-02,59570.73835485557
2020-03-03,93305.64077236432
2020-03-04,31881.461395401333
2020-03-05,12232.15686658018
2020-03-06,118686.83935964765
2020-03-07,117791.84217934574
2020-03-08,13756.855348035348
2020-03-09,128892.41812378711
2020-03-10,68936.04799819662
2020-03-11,96734.31307303646
2020-03-12,101914.1497949993
2020-03-13,20132.729947210937
2020-03-14,85647.7789392191
2020-03-15,116231.26232552469
2020-03-16,99141.36306059545
2020-03-17,68936.04799819662
2020-03-18,99830.51279093273
2020-03-19,36364.90529548991
2020-03-20,88913.56435956326
2020-03-21,50017.62395394886
2020-03-22,68936.04799819662
2020-03-23,114206.32637984313
2020-03-24,77205.25908321662
2020-03-25,31881.461395401333
2020-03-26,31291.995832389493
2020-03-27,60357.916055103204
2020-03-28,67292.54987696555
2020-03-29,82524.01638356168
2020-03-30,19768.463687906045
2020-03-31,98417.12948659802
2020-04-01,10465.357693138472
2020-04-02,19612.5823583912
2020-04-03,8168.460955191218
2020-04-04,14674.971247599377
2020-04-05,3577.3187397637844
2020-04-06,19612.5823583912
2020-04-07,20937.685908267635
2020-04-08,22506.796143387473
2020-04-09,14917.486105115797
2020-04-10,16554.41205970315
2020-04-11,6917.4360570831805
2020-04-12,17207.301475572527
2020-04-13,3142.911111174021
2020-04-14,8921.62898556273
2020-04-15,19998.639217018437
2020-04-16,20637.468351613905
2020-04-17,1269.6873551930655
2020-04-18,19967.22984386424
2020-04-19,2565.1059446441027
2020-04-20,13929.897291739739
2020-04-21,3759.3946587450096
2020-04-22,22154.674187125747
2020-04-23,22154.674187125747
2020-04-24,14940.952396351184
2020-04-25,16461.3248896008
2020-04-26,16501.68274522373
2020-04-27,3396.2154635923735
2020-04-28,13936.650499899742
2020-04-29,18695.55297007376
2020-04-30,7900.481856495375
2020-05-01,8318.472825147208
2020-05-02,6937.036264062016
2020-05-03,13331.01969600671
2020-05-04,20669.931988043154
2020-05-05,20637.468351613905
2020-05-06,8194.368052678423
2020-05-07,1134.6820457224237
2020-05-08,3879.1123545855194
2020-05-09,6937.036264062016
2020-05-10,7579.744560662507
2020-05-11,16779.870717126316
2020-05-12,16915.41833941255
2020-05-13,2954.751828092927
2020-05-14,10288.824859082368
2020-05-15,22878.817675096892
2020-05-16,25447.226868074562
2020-05-17,11648.81046412841
2020-05-18,17278.873151358646
2020-05-19,14988.694870651114
2020-05-20,17207.301475572527
2020-05-21,11421.061743958524
2020-05-22,8160.210440873282
2020-05-23,22259.236496705187
2020-05-24,22613.020270372668
2020-05-25,14988.694870651114
2020-05-26,6937.036264062016
2020-05-27,9031.11236085124
2020-05-28,8280.189161586604
2020-05-29,17269.576171181667
2020-05-30,3005.815085528541
2020-05-31,23532.228409714175
2020-06-01,568.804777563793
2020-06-02,390.2492439642201
2020-06-03,570.9398377813295
2020-06-04,526.6556263368143
2020-06-05,612.870853737337
2020-06-06,390.2492439642201
2020-06-07,568.804777563793
2020-06-08,321.23521151095025
2020-06-09,477.49198106167586
2020-06-10,452.90312259451565
2020-06-11,126.99227114247236
2020-06-12,618.0337805358129
2020-06-13,612.870853737337
2020-06-14,610.6332647871707
2020-06-15,478.54394572915726
2020-06-16,136.35268569525928
2020-06-17,612.870853737337
2020-06-18,620.5060788151548
2020-06-19,138.14800772643355
2020-06-20,172.6978715640246
2020-06-21,31.133653651595615
2020-06-22,48.917952624316875
2020-06-23,126.2347484173606
2020-06-24,610.6332647871707
2020-06-25,40.93675815469988
2020-06-26,269.5005633490505
2020-06-27,478.54394572915726
2020-06-28,66.94839288033086
2020-06-29,67.34322991993518
2020-06-30,568.804777563793
2020-07-01,600.5640224317285
2020-07-02,290.7987168122472
2020-07-03,500.5493599680589
2020-07-04,209.3966408254323
2020-07-05,40.81527550115347
2020-07-06,465.6895604115691
2020-07-07,33.996132164349156
2020-07-08,505.40174690258146
2020-07-09,358.1461564941884
2020-07-10,468.4681091333736
2020-07-11,558.8958836987186
2020-07-12,130.86804874581466
2020-07-13,500.5493599680589
2020-07-14,105.86523875614087
2020-07-15,318.0016173136418
2020-07-16,360.2844196539383
2020-07-17,140.5119092032477
2020-07-18,464.6320103683304
2020-07-19,467.438247599898
2020-07-20,46.34749029014487
2020-07-21,655.4594739833634
2020-07-22,468.4681091333736
2020-07-23,599.9726356110154
2020-07-24,50.00467841811655
2020-07-25,503.5354549041276
2020-07-26,603.630602604771
2020-07-27,612.2027619459709
2020-07-28,293.62180940090167
2020-07-29,392.55507619165655
2020-07-30,316.548016503001
2020-07-31,257.24757858500084
2020-08-01,257.24757858500084
2020-08-02,566.3422573296477
2020-08-03,615.858113804453
2020-08-04,568.9781481088693
2020-08-05,210.64928791040657
2020-08-06,209.3966408254323
2020-08-07,464.12585611303285
2020-08-08,466.89509494460515
2020-08-09,140.5119092032477
2020-08-10,566.3652340773766
2020-08-11,213.38767598445799
2020-08-12,566.900550193477
2020-08-13,492.3203561874936
2020-08-14,316.11360507426605
2020-08-15,627.460292114982
2020-08-16,121.10097808379179
2020-08-17,380.74520558963883
2020-08-18,256.18851699345674
2020-08-19,445.29988384123743
2020-08-20,466.89509494460515
2020-08-21,314.66860740534213
2020-08-22,618.1398907356565
2020-08-23,618.7240568807156
2020-08-24,466.89509494460515
2020-08-25,31.665921593722807
2020-08-26,495.0958942622367
2020-08-27,495.3715531994147
2020-08-28,568.9781481088693
2020-08-29,528.9546656166966
2020-08-30,571.4220438599815
2020-08-31,254.66634581451527
2020-09-01,260.2549049840836
2020-09-02,488.90016067808483
2020-09-03,716.0428307284275
2020-09-04,630.2277949907435
2020-09-05,214.34581169306833
2020-09-06,293.10883302652337
2020-09-07,633.3968797967048
2020-09-08,632.5370682438925
2020-09-09,383.7674114402637
2020-09-10,216.71154878829736
2020-09-11,17.961279252889693
2020-09-12,257.50996230597036
2020-09-13,398.0487882684761
2020-09-14,446.17081789674734
2020-09-15,134.5135255001863
2020-09-16,372.093457819656
2020-09-17,259.29207667294355
2020-09-18,530.1897606778958
2020-09-19,261.7632284692913
2020-09-20,568.6608928473136
2020-09-21,460.7673668494889
2020-09-22,29.680520229198216
2020-09-23,592.0204554480807
2020-09-24,36.071294034524556
2020-09-25,468.63908446513045
2020-09-26,294.19675054830844
2020-09-27,498.7869105648413
2020-09-28,566.8970548897626
2020-09-29,325.51254667045896
2020-09-30,462.76841625638616
2020-10-01,18820.73408069888
2020-10-02,17193.304305063273
2020-10-03,19050.174819231728
2020-10-04,4037.6071582235413
2020-10-05,17193.304305063273
2020-10-06,11196.912802103634
2020-10-07,11179.326513774486
2020-10-08,20839.348569634745
2020-10-09,20839.348569634745
2020-10-10,7900.844628574572
2020-10-11,949.9891511723015
2020-10-12,2866.611572324348
2020-10-13,11196.912802103634
2020-10-14,7923.540821789288
2020-10-15,20146.97596598449
2020-10-16,3637.8170367505627
2020-10-17,20146.97596598449
2020-10-18,3415.9853046714584
2020-10-19,1610.8938278169442
2020-10-20,13422.668471949402
2020-10-21,4274.95803057049
2020-10-22,8206.749199340931
2020-10-23,10396.239639658274
2020-10-24,11438.408984328671
2020-10-25,11179.326513774486
2020-10-26,3630.415863305869
2020-10-27,13225.7118275212
2020-10-28,1155.6241966944576
2020-10-29,16547.15027749663
2020-10-30,14003.634121262032
2020-10-31,9959.062854669224
2020-11-01,19421.010481001395
2020-11-02,3872.9842477041548
2020-11-03,19238.352940706925
2020-11-04,13024.781424622397
2020-11-05,10379.91080611923
2020-11-06,16296.903548749237
2020-11-07,17059.857287329283
2020-11-08,16501.126556999872
2020-11-09,14003.634121262032
2020-11-10,1279.737155431539
2020-11-11,20178.66807391622
2020-11-12,16465.650004231335
2020-11-13,15345.748560369932
2020-11-14,13433.664342719403
2020-11-15,8064.094420261073
2020-11-16,16214.753294402319
2020-11-17,11196.912802103634
2020-11-18,23902.56755911014
2020-11-19,12014.762649081371
2020-11-20,10396.239639658274
2020-11-21,3243.1379628099535
2020-11-22,17572.094547819866
2020-11-23,6449.932044637558
2020-11-24,1160.7909783135212
2020-11-25,17193.304305063273
2020-11-26,14148.708296570905
2020-11-27,2361.580355933889
2020-11-28,15459.416083947985
2020-11-29,14530.8446655362
2020-11-30,20146.97596598449
2020-12-01,110443.60476689306
2020-12-02,116266.79231578717
2020-12-03,117426.61171277746
2020-12-04,63977.799894182135
2020-12-05,62946.82698818663
2020-12-06,113629.21329787193
2020-12-07,52470.40023381761
2020-12-08,112100.88847753212
2020-12-09,114396.68040992862
2020-12-10,21221.88301673723
2020-12-11,42819.490626788
2020-12-12,102029.46192784092
2020-12-13,119162.70484773566
2020-12-14,24029.953841724153
2020-12-15,65540.34247986758
2020-12-16,56982.65600112235
2020-12-17,63377.11628387434
2020-12-18,91108.79950243873
2020-12-19,113386.77708562334
2020-12-20,63377.11628387434
2020-12-21,55887.07621485644
2020-12-22,56982.65600112235
2020-12-23,87212.14313428666
2020-12-24,24883.99148023523
2020-12-25,78458.99384965241
2020-12-26,43435.78776773884
2020-12-27,30428.743836420443
2020-12-28,36282.3533498293
2020-12-29,87180.77809315296
2020-12-30,21349.433054954956
2020-12-31,115424.4168937413
2021-01-01,87296.7626730156
2021-01-02,42976.08061648974
2021-01-03,64062.91577949838
2021-01-04,87959.35896515253
2021-01-05,114548.87238386874
2021-01-06,111610.5095073469
2021-01-07,115124.34714607526
2021-01-08,106523.53219861805
2021-01-09,117450.00968150607
2021-01-10,97414.88767447876
2021-01-11,43108.71360743891
2021-01-12,9480.595165733908
2021-01-13,112008.20411375874
2021-01-14,91230.00982927297
2021-01-15,64062.91577949838
2021-01-16,87296.7626730156
2021-01-17,127403.62623097347
2021-01-18,102165.2008462104
2021-01-19,70143.5376593625
2021-01-20,58945.334758383004
2021-01-21,115372.89680779872
2021-01-22,100229.65898600721
2021-01-23,106395.66427358988
2021-01-24,87296.7626730156
2021-01-25,119433.60196215387
2021-01-26,37047.11203554092
2021-01-27,78563.37517361388
2021-01-28,40681.48446805099
2021-01-29,40214.95105121799
2021-01-30,82353.23569714437
2021-01-31,78563.37517361388
2021-02-01,102165.2008462104
2021-02-02,28492.583503900496
2021-02-03,29020.45643072088
2021-02-04,128540.47092919426
2021-02-05,33019.87165252109
2021-02-06,47856.86211300008
2021-02-07,93854.77009377879
2021-02-08,62363.601499455894
2021-02-09,83399.04322648261
2021-02-10,115886.64284486324
2021-02-11,47570.19257002693
2021-02-12,112147.58571467675
2021-02-13,87296.7626730156
2021-02-14,35429.59153903171
2021-02-15,64062.91577949838
2021-02-16,41946.74161765746
2021-02-17,116183.26169110244
2021-02-18,42926.11151566595
2021-02-19,25516.570055651635
2021-02-20,64062.91577949838
2021-02-21,12646.715571365785
2021-02-22,102165.2008462104
2021-02-23,97414.88767447876
2021-02-24,62089.27630993666
2021-02-25,48497.99758565261
2021-02-26,102165.2008462104
2021-02-27,117466.58019771149
2021-02-28,39770.36747212618
2021-03-01,31581.052707676325
2021-03-02,21854.86281339017
2021-03-03,32780.46446696985
2021-03-04,68936.04799819662
2021-03-05,111647.68069554862
2021-03-06,117639.06248957122
2021-03-07,128604.0329941038
2021-03-08,107168.73327638644
2021-03-09,128892.41812378711
2021-03-10,69748.7289096819
2021-03-11,31881.461395401333
2021-03-12,37767.969681043534
2021-03-13,122753.06236143064
2021-03-14,87972.7131752452
2021-03-15,69456.45096580956
2021-03-16,50017.62395394886
2021-03-17,32780.46446696985
2021-03-18,109675.21189243763
2021-03-19,36364.90529548991
2021-03-20,67157.63500766175
2021-03-21,132443.18726620974
2021-03-22,21894.324219667385
2021-03-23,102165.2008462104
2021-03-24,31881.461395401333
2021-03-25,104044.85308871891
2021-03-26,85595.0148602327
2021-03-27,103323.71679782224
2021-03-28,17161.968588781732
2021-03-29,118702.82750334877
2021-03-30,17282.818359108955
2021-03-31,62228.62711548543
2021-04-01,7051.356144633331
2021-04-02,8539.580608687544
2021-04-03,16501.68274522373
2021-04-04,13257.90791047819
2021-04-05,12840.64593056922
2021-04-06,17077.09031036762
2021-04-07,20747.47912871722
2021-04-08,8687.259790886981
2021-04-09,15841.734827936058
2021-04-10,8687.259790886981
2021-04-11,17077.09031036762
2021-04-12,8497.620817115125
2021-04-13,7738.0466466941725
2021-04-14,3552.081513205324
2021-04-15,19936.01113138102
2021-04-16,9121.429715845668
2021-04-17,14940.952396351184
2021-04-18,8921.62898556273
2021-04-19,19238.088904139244
2021-04-20,18695.55297007376
2021-04-21,16475.765331676143
2021-04-22,11561.123218163433
2021-04-23,8203.535883978482
2021-04-24,14674.971247599377
2021-04-25,25564.876036646376
2021-04-26,13929.897291739739
2021-04-27,25675.081497965453
2021-04-28,6146.976216826301
2021-04-29,9427.843020546394
2021-04-30,20637.468351613905
2021-05-01,22154.674187125747
2021-05-02,8687.259790886981
2021-05-03,6805.28704368035
2021-05-04,19322.184005847575
2021-05-05,3759.3166406597393
2021-05-06,2898.665071570473
2021-05-07,11561.123218163433
2021-05-08,19998.639217018437
2021-05-09,15091.492152260314
2021-05-10,5951.505879257863
2021-05-11,9240.794518955503
2021-05-12,2215.105189037791
2021-05-13,14917.486105115797
2021-05-14,3396.1913673851623
2021-05-15,20449.77868461844
2021-05-16,16509.682664356224
2021-05-17,10174.559905390104
2021-05-18,14917.486105115797
2021-05-19,16885.21272388188
2021-05-20,20055.292091255462
2021-05-21,2006.3805784012002
2021-05-22,2961.3773702405747
2021-05-23,4180.0285692543
2021-05-24,3747.2865716216515
2021-05-25,19998.639217018437
2021-05-26,3759.3166406597393
2021-05-27,8006.4129533995665
2021-05-28,20449.77868461844
2021-05-29,20289.56404328927
2021-05-30,19352.578742973128
2021-05-31,25447.226868074562
2021-06-01,20.090978168442927
2021-06-02,365.617189629643
2021-06-03,41.452795624598544
2021-06-04,160.80555636536548
2021-06-05,666.7354904703246
2021-06-06,66.94839288033086
2021-06-07,532.1196285035959
2021-06-08,618.0337805358129
2021-06-09,568.804777563793
2021-06-10,513.2333731221447
2021-06-11,390.2492439642201
2021-06-12,568.804777563793
2021-06-13,32.86933632368979
2021-06-14,197.28624410150599
2021-06-15,67.25124839263553
2021-06-16,612.870853737337
2021-06-17,259.3854754105591
2021-06-18,660.8098735471115
2021-06-19,513.2333731221447
2021-06-20,453.70390480854604
2021-06-21,514.3639152435904
2021-06-22,20.63521381482521
2021-06-23,31.96283661437859
2021-06-24,20.090978168442927
2021-06-25,365.617189629643
2021-06-26,365.617189629643
2021-06-27,568.804777563793
2021-06-28,475.70576313159063
2021-06-29,477.49198106167586
2021-06-30,66.94839288033086
2021-07-01,602.8180846354303
2021-07-02,254.66634581451527
2021-07-03,602.7647742333481
2021-07-04,140.5119092032477
2021-07-05,254.66634581451527
2021-07-06,444.14998949980543
2021-07-07,603.630602604771
2021-07-08,254.66634581451527
2021-07-09,209.3966408254323
2021-07-10,105.86523875614087
2021-07-11,214.664084658678
2021-07-12,516.4437887605609
2021-07-13,140.5119092032477
2021-07-14,600.5640224317285
2021-07-15,114.1813940674702
2021-07-16,130.86804874581466
2021-07-17,602.7647742333481
2021-07-18,611.7086002562933
2021-07-19,465.6895604115691
2021-07-20,263.9882231503232
2021-07-21,658.8058935368229
2021-07-22,611.2760318411541
2021-07-23,142.95644474658187
2021-07-24,603.1433489608607
2021-07-25,468.4681091333736
2021-07-26,360.2844196539383
2021-07-27,599.9726356110154
2021-07-28,599.9726356110154
2021-07-29,143.9205612551602
2021-07-30,210.64928791040657
2021-07-31,20.17748939714214
2021-08-01,428.87879985170406
2021-08-02,120.37832299820552
2021-08-03,464.12585611303285
2021-08-04,571.4220438599815
2021-08-05,20.993583605561003
2021-08-06,254.66634581451527
2021-08-07,564.274267363624
2021-08-08,621.3812482037478
2021-08-09,573.5394504164691
2021-08-10,568.9781481088693
2021-08-11,358.1461564941884
2021-08-12,528.2172047159326
2021-08-13,254.66634581451527
2021-08-14,290.7987168122472
2021-08-15,615.858113804453
2021-08-16,526.2668286742886
2021-08-17,528.9546656166966
2021-08-18,531.3109463532843
2021-08-19,254.66634581451527
2021-08-20,574.171697694718
2021-08-21,566.3422573296477
2021-08-22,528.2424990692303
2021-08-23,466.89509494460515
2021-08-24,290.0458942315448
2021-08-25,254.66634581451527
2021-08-26,360.2844196539383
2021-08-27,526.2668286742886
2021-08-28,89.83113661203132
2021-08-29,466.89509494460515
2021-08-30,526.2668286742886
2021-08-31,180.09495482511576
2021-09-01,256.18851699345674
2021-09-02,632.5370682438925
2021-09-03,589.4617145139066
2021-09-04,215.46183266952661
2021-09-05,491.73399726115196
2021-09-06,396.32698852296204
2021-09-07,383.7674114402637
2021-09-08,633.3968797967048
2021-09-09,496.9449968711696
2021-09-10,256.18851699345674
2021-09-11,729.9280589533532
2021-09-12,528.2321149824032
2021-09-13,134.7570426580991
2021-09-14,488.90016067808483
2021-09-15,443.524235774718
2021-09-16,468.63908446513045
2021-09-17,261.7632284692913
2021-09-18,636.301204714726
2021-09-19,589.4617145139066
2021-09-20,318.6241345544933
2021-09-21,383.7674114402637
2021-09-22,134.7570426580991
2021-09-23,636.301204714726
2021-09-24,528.523595547058
2021-09-25,462.76841625638616
2021-09-26,420.36841355070595
2021-09-27,18.450559739930906
2021-09-28,470.37629372758954
2021-09-29,213.10967546841496
2021-09-30,85.07388915852937
2021-10-01,19421.010481001395
2021-10-02,947.6054224325981
2021-10-03,11196.912802103634
2021-10-04,13401.586641044429
2021-10-05,1441.959616536131
2021-10-06,14570.21315431275
2021-10-07,17220.35038397299
2021-10-08,19865.385762644288
2021-10-09,12704.351522369909
2021-10-10,1734.1558592332458
2021-10-11,10990.35753226423
2021-10-12,3630.415863305869
2021-10-13,14570.21315431275
2021-10-14,13225.7118275212
2021-10-15,9959.062854669224
2021-10-16,11179.326513774486
2021-10-17,18791.174604013588
2021-10-18,6463.547488227139
2021-10-19,9448.190259046447
2021-10-20,6459.989025548696
2021-10-21,2917.2509439247337
2021-10-22,19451.560668943563
2021-10-23,6459.989025548696
2021-10-24,12704.351522369909
2021-10-25,2693.799334066223
2021-10-26,2543.9986301171243
2021-10-27,17193.304305063273
2021-10-28,22647.04730702263
2021-10-29,19238.352940706925
2021-10-30,19883.17638383841
2021-10-31,20839.348569634745
2021-11-01,22292.731199285896
2021-11-02,956.6112593510031
2021-11-03,10671.403519568823
2021-11-04,9943.42060595429
2021-11-05,12684.39780607078
2021-11-06,13288.518492869878
2021-11-07,8061.889337468447
2021-11-08,15352.96468226827
2021-11-09,23019.89239830667
2021-11-10,12684.39780607078
2021-11-11,15352.96468226827
2021-11-12,9105.084234687838
2021-11-13,15377.11596707782
2021-11-14,17193.304305063273
2021-11-15,19050.174819231728
2021-11-16,13401.586641044429
2021-11-17,24956.85450513102
2021-11-18,19451.560668943563
2021-11-19,3228.711857838996
2021-11-20,8064.094420261073
2021-11-21,18791.174604013588
2021-11-22,14530.8446655362
2021-11-23,13236.071047164847
2021-11-24,7212.086943214727
2021-11-25,2113.12375913045
2021-11-26,12088.103261303388
2021-11-27,13347.970995823012
2021-11-28,20839.348569634745
2021-11-29,14508.022447256872
2021-11-30,19503.516321598276
2021-12-01,8347.686594345116
2021-12-02,102029.46192784092
2021-12-03,44532.27291527424
2021-12-04,116312.29599330333
2021-12-05,65540.34247986758
2021-12-06,65540.34247986758
2021-12-07,87180.77809315296
2021-12-08,41590.18248632054
2021-12-09,70475.14413003503
2021-12-10,115823.01881623636
2021-12-11,25906.133524801193
2021-12-12,102029.46192784092
2021-12-13,82125.29322672189
2021-12-14,106974.54794956358
2021-12-15,55921.093156601164
2021-12-16,108880.71753527659
2021-12-17,87180.77809315296
2021-12-18,41895.41895198815
2021-12-19,78458.99384965241
2021-12-20,24178.508897683903
2021-12-21,15670.277262502817
2021-12-22,112878.58597417816
2021-12-23,102029.46192784092
2021-12-24,88113.15978092486
2021-12-25,55329.35244511137
2021-12-26,87180.77809315296
2021-12-27,95286.36702673804
2021-12-28,21624.380640747677
2021-12-29,16219.311758962636
2021-12-30,91108.79950243873
2021-12-31,55329.35244511137
2022-01-01,117827.20819337983
2022-01-02,103323.71679782224
2022-01-03,47643.17142799929
2022-01-04,94381.68206654661
2022-01-05,141853.17563564077
2022-01-06,102701.66412865919
2022-01-07,18520.48881015427
2022-01-08,47350.4532184363
2022-01-09,101980.26586561614
2022-01-10,23388.78806907379
2022-01-11,63461.433033893096
2022-01-12,102165.2008462104
2022-01-13,115355.69670767529
2022-01-14,114373.65599626735
2022-01-15,91614.42966752722
2022-01-16,115241.76785454512
2022-01-17,76729.43198559426
2022-01-18,102165.2008462104
2022-01-19,112943.7750639289
2022-01-20,62184.24029189233
2022-01-21,111610.5095073469
2022-01-22,114170.71356402458
2022-01-23,27749.52621657884
2022-01-24,24973.397922419976
2022-01-25,44539.17229381403
2022-01-26,119433.60196215387
2022-01-27,116421.47224246743
2022-01-28,91230.00982927297
2022-01-29,37867.90154522595
2022-01-30,78563.37517361388
2022-01-31,76729.43198559426
2022-02-01,46565.583246108115
2022-02-02,21112.99763528518
2022-02-03,127328.27860499536
2022-02-04,119433.60196215387
2022-02-05,102165.2008462104
2022-02-06,21060.81480395062
2022-02-07,94343.9800249562
2022-02-08,11347.180182670743
2022-02-09,25227.561580757407
2022-02-10,65627.53713495983
2022-02-11,87296.7626730156
2022-02-12,30102.14646984037
2022-02-13,117836.69204468848
2022-02-14,64062.91577949838
2022-02-15,102165.2008462104
2022-02-16,118295.02003826342
2022-02-17,96433.55924662156
2022-02-18,114548.87238386874
2022-02-19,21321.941632569204
2022-02-20,48423.70934953638
2022-02-21,20841.177853019588
2022-02-22,19498.955418252594
2022-02-23,113881.48537580413
2022-02-24,64062.91577949838
2022-02-25,123237.4854460411
2022-02-26,45303.09845081952
2022-02-27,11590.633765954617
2022-02-28,39271.93060427436
2022-03-01,127119.45698538261
2022-03-02,35217.93207460823
2022-03-03,87972.7131752452
2022-03-04,87972.7131752452
2022-03-05,119600.95111922004
2022-03-06,87972.7131752452
2022-03-07,21984.025527580445
2022-03-08,10880.058029130394
2022-03-09,103323.71679782224
2022-03-10,32860.42035477571
2022-03-11,69156.62634240034
2022-03-12,36710.81801968389
2022-03-13,37752.50094299549
2022-03-14,118686.83935964765
2022-03-15,31502.727238489588
2022-03-16,116914.04299517754
2022-03-17,91936.41564111483
2022-03-18,82524.01638356168
2022-03-19,34119.47482776372
2022-03-20,37767.969681043534
2022-03-21,73679.71224093944
2022-03-22,65956.26867317695
2022-03-23,112469.79476128393
2022-03-24,96151.93102966584
2022-03-25,120227.30493223909
2022-03-26,31291.995832389493
2022-03-27,31932.507323946527
2022-03-28,116054.39271231786
2022-03-29,46175.45340024587
2022-03-30,101914.1497949993
2022-03-31,98417.12948659802
2022-04-01,6917.4360570831805
2022-04-02,17207.301475572527
2022-04-03,13792.172050716932
2022-04-04,8965.169515366768
2022-04-05,21163.88091995009
2022-04-06,25567.328172758564
2022-04-07,20086.839983447688
2022-04-08,19967.22984386424
2022-04-09,6417.227243946532
2022-04-10,17269.576171181667
2022-04-11,15861.629372764412
2022-04-12,10975.400304487077
2022-04-13,16475.765331676143
2022-04-14,2908.052417219032
2022-04-15,19322.184005847575
2022-04-16,14674.971247599377
2022-04-17,22259.236496705187
2022-04-18,17207.301475572527
2022-04-19,23746.404526856324
2022-04-20,16061.731031398362
2022-04-21,14822.328163513223
2022-04-22,8158.630551403795
2022-04-23,3035.4289916131365
2022-04-24,3809.048092735981
2022-04-25,19612.5823583912
2022-04-26,8997.091740932328
2022-04-27,19322.184005847575
2022-04-28,19998.639217018437
2022-04-29,6369.379584153455
2022-04-30,6778.0964785331425
2022-05-01,602.4481705096299
2022-05-02,9427.843020546394
2022-05-03,19612.5823583912
2022-05-04,6937.036264062016
2022-05-05,3754.95741566187
2022-05-06,17234.36957157415
2022-05-07,20637.468351613905
2022-05-08,3577.3187397637844
2022-05-09,3396.1913673851623
2022-05-10,8921.62898556273
2022-05-11,7592.073507605246
2022-05-12,16475.765331676143
2022-05-13,6805.28704368035
2022-05-14,20055.292091255462
2022-05-15,3005.815085528541
2022-05-16,12840.64593056922
2022-05-17,10898.06268764039
2022-05-18,2981.992697142507
2022-05-19,22154.674187125747
2022-05-20,17050.26922097202
2022-05-21,2424.130471550779
2022-05-22,2981.992697142507
2022-05-23,18983.049687895003
2022-05-24,17328.765810445548
2022-05-25,13845.109655373144
2022-05-26,12840.64593056922
2022-05-27,12938.037088236526
2022-05-28,6937.036264062016
2022-05-29,8921.62898556273
2022-05-30,17234.36957157415
2022-05-31,8010.823126522114
2022-06-01,246.2714112863261
2022-06-02,570.9398377813295
2022-06-03,615.7229179051202
2022-06-04,594.7824204179577
2022-06-05,660.8098735471115
2022-06-06,135.5397633223648
2022-06-07,613.4749330431295
2022-06-08,452.90312259451565
2022-06-09,480.3177933747927
2022-06-10,260.9357430643725
2022-06-11,32.333789609632426
2022-06-12,331.15958611593885
2022-06-13,568.804777563793
2022-06-14,477.49198106167586
2022-06-15,454.8064730764048
2022-06-16,202.0041690757277
2022-06-17,286.47533712104706
2022-06-18,31.96283661437859
2022-06-19,477.49198106167586
2022-06-20,568.804777563793
2022-06-21,86.63970442583438
2022-06-22,612.870853737337
2022-06-23,610.6332647871707
2022-06-24,568.804777563793
2022-06-25,68.0193256463394
2022-06-26,612.870853737337
2022-06-27,615.1415807026634
2022-06-28,262.6196984918185
2022-06-29,477.49198106167586
2022-06-30,203.96819267200823
2022-07-01,20.993583605561003
2022-07-02,600.5640224317285
2022-07-03,213.38767598445799
2022-07-04,558.9226443636518
2022-07-05,254.66634581451527
2022-07-06,658.8058935368229
2022-07-07,468.06859389688105
2022-07-08,384.3090458926156
2022-07-09,559.6760951488512
2022-07-10,605.8425731322269
2022-07-11,503.10609751506666
2022-07-12,293.62180940090167
2022-07-13,209.3966408254323
2022-07-14,652.4236462412886
2022-07-15,503.5354549041276
2022-07-16,367.52040349078567
2022-07-17,130.86804874581466
2022-07-18,382.5440090810197
2022-07-19,256.18851699345674
2022-07-20,652.4236462412886
2022-07-21,263.0790369055202
2022-07-22,470.20468595287855
2022-07-23,465.6895604115691
2022-07-24,445.8298526981734
2022-07-25,113.49969256520498
2022-07-26,600.5640224317285
2022-07-27,652.4236462412886
2022-07-28,556.8324445141078
2022-07-29,173.15159901702003
2022-07-30,213.38767598445799
2022-07-31,32.88593683170652
2022-08-01,526.2668286742886
2022-08-02,569.0284752653223
2022-08-03,464.12585611303285
2022-08-04,68.42764568034087
2022-08-05,358.1461564941884
2022-08-06,566.900550193477
2022-08-07,466.4969183360692
2022-08-08,466.89509494460515
2022-08-09,214.664084658678
2022-08-10,31.665921593722807
2022-08-11,358.1461564941884
2022-08-12,257.1398651429149
2022-08-13,257.24757858500084
2022-08-14,256.18851699345674
2022-08-15,571.8837136395215
2022-08-16,533.30551707236
2022-08-17,358.1461564941884
2022-08-18,615.858113804453
2022-08-19,466.89509494460515
2022-08-20,571.8837136395215
2022-08-21,566.3422573296477
2022-08-22,209.3966408254323
2022-08-23,496.930968069098
2022-08-24,455.9565342309713
2022-08-25,113.49969256520498
2022-08-26,528.9546656166966
2022-08-27,358.1461564941884
2022-08-28,114.16503162226955
2022-08-29,465.8686840966459
2022-08-30,31.665921593722807
2022-08-31,615.858113804453
2022-09-01,360.98944987284307
2022-09-02,172.97186103568072
2022-09-03,98.54856774620316
2022-09-04,318.6241345544933
2022-09-05,528.2321149824032
2022-09-06,107.50281317780747
2022-09-07,717.1306378785488
2022-09-08,298.4113363732529
2022-09-09,713.9046195419581
2022-09-10,298.4113363732529
2022-09-11,59.27013480397248
2022-09-12,528.2321149824032
2022-09-13,34.92074056170215
2022-09-14,59.27013480397248
2022-09-15,621.9157141946224
2022-09-16,729.9280589533532
2022-09-17,632.5370682438925
2022-09-18,468.63908446513045
2022-09-19,36.071294034524556
2022-09-20,592.0204554480807
2022-09-21,256.18851699345674
2022-09-22,636.301204714726
2022-09-23,568.6839634972728
2022-09-24,29.680520229198216
2022-09-25,652.3506097119414
2022-09-26,704.5319127149606
2022-09-27,528.2321149824032
2022-09-28,17.961279252889693
2022-09-29,446.17081789674734
2022-09-30,566.584451342693
2022-10-01,901.7623697175177
2022-10-02,16476.521898423067
2022-10-03,307.33775711223535
2022-10-04,3637.8170367505627
2022-10-05,19421.010481001395
2022-10-06,15376.879647259077
2022-10-07,8206.749199340931
2022-10-08,20178.66807391622
2022-10-09,15456.925529006086
2022-10-10,11196.912802103634
2022-10-11,12704.351522369909
2022-10-12,25348.544530052706
2022-10-13,7900.844628574572
2022-10-14,20146.97596598449
2022-10-15,7458.94166654072
2022-10-16,10671.403519568823
2022-10-17,8802.376708069085
2022-10-18,4063.3750292981704
2022-10-19,20839.348569634745
2022-10-20,19421.010481001395
2022-10-21,18791.174604013588
2022-10-22,19421.010481001395
2022-10-23,7447.016899073164
2022-10-24,19600.642387078056
2022-10-25,709.4389525960194
2022-10-26,15687.822314124662
2022-10-27,9056.687237216565
2022-10-28,11196.912802103634
2022-10-29,23902.56755911014
2022-10-30,14570.21315431275
2022-10-31,22292.731199285896
2022-11-01,21845.043263808155
2022-11-02,10333.693804812494
2022-11-03,2436.3835551095667
2022-11-04,8441.569823710928
2022-11-05,11420.443426972692
2022-11-06,8064.094420261073
2022-11-07,21469.501665762175
2022-11-08,14570.21315431275
2022-11-09,8111.474665152644
2022-11-10,2837.5204319218524
2022-11-11,7587.549964361405
2022-11-12,20839.348569634745
2022-11-13,11438.408984328671
2022-11-14,8064.094420261073
2022-11-15,2043.350567125683
2022-11-16,18791.174604013588
2022-11-17,11420.443426972692
2022-11-18,8093.927449906482
2022-11-19,8064.094420261073
2022-11-20,8870.09232804996
2022-11-21,2538.1037748200624
2022-11-22,18791.174604013588
2022-11-23,15459.416083947985
2022-11-24,20178.66807391622
2022-11-25,10396.239639658274
2022-11-26,6449.932044637558
2022-11-27,11438.408984328671
2022-11-28,562.8079813039271
2022-11-29,13433.664342719403
2022-11-30,8362.850604944206
2022-12-01,64463.40358306521
2022-12-02,117195.1222684744
2022-12-03,126631.89732955693
2022-12-04,14464.873625013855
2022-12-05,114327.36979187104
2022-12-06,47579.8709603037
2022-12-07,37915.14403352572
2022-12-08,114396.68040992862
2022-12-09,15569.186567533816
2022-12-10,114221.69681637004
2022-12-11,105641.17576597747
2022-12-12,119815.68449428567
2022-12-13,25213.69112602387
2022-12-14,66035.11140482579
2022-12-15,70050.34300601779
2022-12-16,116699.35354588984
2022-12-17,42644.26411976441
2022-12-18,102029.46192784092
2022-12-19,103186.43866490938
2022-12-20,71262.96055148146
2022-12-21,95286.36702673804
2022-12-22,93426.49994325422
2022-12-23,116412.60141955745
2022-12-24,43364.444848164145
2022-12-25,63377.11628387434
2022-12-26,58660.561283916446
2022-12-27,95863.50649531354
2022-12-28,39717.52688142175
2022-12-29,117269.80150982003
2022-12-30,50113.339462350625
2022-12-31,78458.99384965241
2023-01-01,30102.14646984037
2023-01-02,78563.37517361388
2023-01-03,104716.85601279362
2023-01-04,55402.9626400668
2023-01-05,114373.65599626735
2023-01-06,64062.91577949838
2023-01-07,98166.04580783063
2023-01-08,118505.2935051475
2023-01-09,55881.61496441988
2023-01-10,42876.457996845005
2023-01-11,78563.37517361388
2023-01-12,119171.2671880977
2023-01-13,116467.03645700215
2023-01-14,78036.60497166993
2023-01-15,114170.71356402458
2023-01-16,119192.89533141955
2023-01-17,113782.74951990615
2023-01-18,103323.71679782224
2023-01-19,9658.664293326545
2023-01-20,87328.16944145973
2023-01-21,103307.26404698555
2023-01-22,103323.71679782224
2023-01-23,114170.71356402458
2023-01-24,101980.26586561614
2023-01-25,24515.994644761286
2023-01-26,48497.99758565261
2023-01-27,58945.334758383004
2023-01-28,103323.71679782224
2023-01-29,91230.00982927297
2023-01-30,114170.71356402458
2023-01-31,47020.68743843209
2023-02-01,19377.100876892637
2023-02-02,118046.15082468666
2023-02-03,102141.90316891544
2023-02-04,78563.37517361388
2023-02-05,62089.27630993666
2023-02-06,29866.246160691506
2023-02-07,43800.88115770533
2023-02-08,21064.333708357473
2023-02-09,19905.481263583446
2023-02-10,40681.48446805099
2023-02-11,32944.69042370334
2023-02-12,97414.88767447876
2023-02-13,30102.14646984037
2023-02-14,104254.81295764333
2023-02-15,48139.69990375298
2023-02-16,63772.675082168564
2023-02-17,102165.2008462104
2023-02-18,92566.90556763386
2023-02-19,113748.23324667518
2023-02-20,114548.87238386874
2023-02-21,22649.17641508555
2023-02-22,115505.66458497396
2023-02-23,102165.2008462104
2023-02-24,114170.71356402458
2023-02-25,116183.26169110244
2023-02-26,20453.485374032334
2023-02-27,104716.85601279362
2023-02-28,19783.17900961349
2023-03-01,33655.1041491956
2023-03-02,34924.94155451229
2023-03-03,19676.708269706505
2023-03-04,70689.19420408562
2023-03-05,65956.26867317695
2023-03-06,105904.30651603814
2023-03-07,31581.052707676325
2023-03-08,49070.798021006914
2023-03-09,43646.664038907824
2023-03-10,67292.54987696555
2023-03-11,33454.068465786724
2023-03-12,65956.26867317695
2023-03-13,118505.2935051475
2023-03-14,43235.399133304214
2023-03-15,119600.95111922004
2023-03-16,70689.19420408562
2023-03-17,67292.54987696555
2023-03-18,108358.96860214324
2023-03-19,67292.54987696555
2023-03-20,120227.30493223909
2023-03-21,96734.31307303646
2023-03-22,102042.1845731368
2023-03-23,37767.969681043534
2023-03-24,118294.31487933574
2023-03-25,10539.809217056194
2023-03-26,27442.516009179075
2023-03-27,118044.60864117325
2023-03-28,120788.1265871121
2023-03-29,120809.82364401632
2023-03-30,102165.2008462104
2023-03-31,115124.34714607526
2023-04-01,16554.41205970315
2023-04-02,17269.576171181667
2023-04-03,12931.767738115606
2023-04-04,18695.55297007376
2023-04-05,18724.96203705296
2023-04-06,8168.460955191218
2023-04-07,17120.271404070725
2023-04-08,17269.576171181667
2023-04-09,19998.639217018437
2023-04-10,1292.313249326479
2023-04-11,8670.370085662815
2023-04-12,10465.357693138472
2023-04-13,11640.222128753658
2023-04-14,10118.857817470785
2023-04-15,1278.0867690330456
2023-04-16,1503.7468814279634
2023-04-17,13929.897291739739
2023-04-18,7853.812784148386
2023-04-19,2424.130471550779
2023-04-20,22154.674187125747
2023-04-21,2026.8737187086747
2023-04-22,2981.992697142507
2023-04-23,3423.354376353544
2023-04-24,19322.184005847575
2023-04-25,1038.163810922856
2023-04-26,19322.184005847575
2023-04-27,13351.990527412661
2023-04-28,1343.0392663035288
2023-04-29,7853.812784148386
2023-04-30,13358.463586735526
2023-05-01,19998.639217018437
2023-05-02,6047.316487163088
2023-05-03,6164.592975051129
2023-05-04,16501.68274522373
2023-05-05,3441.068495195621
2023-05-06,2818.230632337315
2023-05-07,10174.559905390104
2023-05-08,19612.5823583912
2023-05-09,29272.137987136655
2023-05-10,9001.519122337235
2023-05-11,20086.839983447688
2023-05-12,4151.474440016557
2023-05-13,16554.41205970315
2023-05-14,18695.55297007376
2023-05-15,12840.64593056922
2023-05-16,20669.931988043154
2023-05-17,16907.221829221067
2023-05-18,15823.14547969019
2023-05-19,2438.5690700186647
2023-05-20,3367.0508498603417
2023-05-21,13908.018859500988
2023-05-22,6805.28704368035
2023-05-23,14959.069160084264
2023-05-24,6805.28704368035
2023-05-25,8410.345024594779
2023-05-26,8670.370085662815
2023-05-27,10898.06268764039
2023-05-28,590.4473980726658
2023-05-29,23532.228409714175
2023-05-30,6805.28704368035
2023-05-31,8130.30767394594
2023-06-01,321.23521151095025
2023-06-02,456.41109404241513
2023-06-03,202.0041690757277
2023-06-04,632.9140446743194
2023-06-05,610.6332647871707
2023-06-06,660.8098735471115
2023-06-07,390.2492439642201
2023-06-08,610.6332647871707
2023-06-09,477.49198106167586
2023-06-10,259.3854754105591
2023-06-11,367.7999333849108
2023-06-12,260.9357430643725
2023-06-13,203.21280329931932
2023-06-14,570.9398377813295
2023-06-15,478.54394572915726
2023-06-16,568.804777563793
2023-06-17,365.617189629643
2023-06-18,367.7999333849108
2023-06-19,390.2492439642201
2023-06-20,365.617189629643
2023-06-21,511.3137320253786
2023-06-22,40.93675815469988
2023-06-23,590.7261746586146
2023-06-24,663.2579284052847
2023-06-25,136.35268569525928
2023-06-26,477.49198106167586
2023-06-27,33.743307175086436
2023-06-28,259.3854754105591
2023-06-29,262.6196984918185
2023-06-30,142.2371276274251
2023-07-01,50.00467841811655
2023-07-02,258.78511775505143
2023-07-03,608.2661821444647
2023-07-04,209.3966408254323
2023-07-05,608.1706753944502
2023-07-06,285.80862182002465
2023-07-07,556.8324445141078
2023-07-08,559.6760951488512
2023-07-09,556.8324445141078
2023-07-10,465.6895604115691
2023-07-11,428.40161747548717
2023-07-12,254.66634581451527
2023-07-13,256.18851699345674
2023-07-14,68.42764568034087
2023-07-15,468.06859389688105
2023-07-16,556.8324445141078
2023-07-17,556.8324445141078
2023-07-18,654.8406801895021
2023-07-19,176.33760263350663
2023-07-20,254.66634581451527
2023-07-21,615.9702273278206
2023-07-22,500.5493599680589
2023-07-23,360.2844196539383
2023-07-24,256.18851699345674
2023-07-25,141.35443444441668
2023-07-26,130.86804874581466
2023-07-27,603.630602604771
2023-07-28,599.9726356110154
2023-07-29,658.8058935368229
2023-07-30,298.41509581345866
2023-07-31,602.7647742333481
2023-08-01,566.3652340773766
2023-08-02,213.38767598445799
2023-08-03,254.66634581451527
2023-08-04,214.664084658678
2023-08-05,256.18851699345674
2023-08-06,564.274267363624
2023-08-07,221.95300786852135
2023-08-08,615.858113804453
2023-08-09,298.41509581345866
2023-08-10,41.84973143182998
2023-08-11,566.3422573296477
2023-08-12,68.73709442974189
2023-08-13,360.2844196539383
2023-08-14,209.3966408254323
2023-08-15,298.41509581345866
2023-08-16,89.83113661203132
2023-08-17,568.9781481088693
2023-08-18,492.3203561874936
2023-08-19,566.3422573296477
2023-08-20,566.3422573296477
2023-08-21,130.86804874581466
2023-08-22,569.7955247972498
2023-08-23,566.3422573296477
2023-08-24,621.0461647881879
2023-08-25,130.86804874581466
2023-08-26,526.2668286742886
2023-08-27,615.858113804453
2023-08-28,254.66634581451527
2023-08-29,466.89509494460515
2023-08-30,568.9781481088693
2023-08-31,445.29988384123743
2023-09-01,462.76841625638616
2023-09-02,446.17081789674734
2023-09-03,318.6241345544933
2023-09-04,257.1398651429149
2023-09-05,215.46183266952661
2023-09-06,62.444691359959585
2023-09-07,123.9615080760241
2023-09-08,215.77217570831456
2023-09-09,178.83734580068432
2023-09-10,566.584451342693
2023-09-11,293.10883302652337
2023-09-12,447.8249163575608
2023-09-13,327.00718331707174
2023-09-14,327.00718331707174
2023-09-15,22.01542064700024
2023-09-16,632.5370682438925
2023-09-17,795.1460329895408
2023-09-18,462.76841625638616
2023-09-19,568.6608928473136
2023-09-20,207.16553638106055
2023-09-21,725.6109276755401
2023-09-22,636.301204714726
2023-09-23,396.32698852296204
2023-09-24,566.584451342693
2023-09-25,568.6839634972728
2023-09-26,592.0204554480807
2023-09-27,633.4585003363279
2023-09-28,261.7632284692913
2023-09-29,103.79200314593626
2023-09-30,468.63908446513045
2023-10-01,9088.92785197424
2023-10-02,24506.364271455986
2023-10-03,15887.210980142641
2023-10-04,17324.54769812426
2023-10-05,21810.734118659588
2023-10-06,2828.0095986455253
2023-10-07,18820.73408069888
2023-10-08,1167.4984375193087
2023-10-09,8423.130419871568
2023-10-10,25003.18155797234
2023-10-11,17193.304305063273
2023-10-12,8206.749199340931
2023-10-13,1886.791244997899
2023-10-14,24506.364271455986
2023-10-15,1847.0165794728657
2023-10-16,13204.939316433094
2023-10-17,7900.844628574572
2023-10-18,8242.31713429346
2023-10-19,2413.8394548863575
2023-10-20,14003.634121262032
2023-10-21,8850.716988864282
2023-10-22,5779.490903969434
2023-10-23,22292.731199285896
2023-10-24,7900.844628574572
2023-10-25,9870.382198183079
2023-10-26,7947.26582516422
2023-10-27,6213.75049083424
2023-10-28,11182.549354010154
2023-10-29,24163.84680468004
2023-10-30,1287.302770319258
2023-10-31,14508.022447256872
2023-11-01,1139.5419871603274
2023-11-02,19421.010481001395
2023-11-03,2902.144576201127
2023-11-04,7443.3924828408935
2023-11-05,19421.010481001395
2023-11-06,7098.123465638001
2023-11-07,14647.911149455653
2023-11-08,10379.91080611923
2023-11-09,706.8207022824498
2023-11-10,20839.348569634745
2023-11-11,15418.777105067424
2023-11-12,556.5336794060033
2023-11-13,21469.501665762175
2023-11-14,6440.164396438426
2023-11-15,22647.04730702263
2023-11-16,4115.605122734154
2023-11-17,7211.167387582647
2023-11-18,4218.815292571298
2023-11-19,343.6299309077346
2023-11-20,3051.937794761725
2023-11-21,3030.3238775961577
2023-11-22,8491.29519253489
2023-11-23,19238.352940706925
2023-11-24,13629.595892688965
2023-11-25,19421.010481001395
2023-11-26,8064.094420261073
2023-11-27,905.101715190135
2023-11-28,14508.022447256872
2023-11-29,20178.66807391622
2023-11-30,15459.416083947985
2023-12-01,65540.34247986758
2023-12-02,21485.006787783983
2023-12-03,47579.8709603037
2023-12-04,47579.8709603037
2023-12-05,55887.07621485644
2023-12-06,110647.47233832986
2023-12-07,87180.77809315296
2023-12-08,102029.46192784092
2023-12-09,130368.33941140385
2023-12-10,109829.22383149578
2023-12-11,111462.22146832198
2023-12-12,14031.286784900782
2023-12-13,102029.46192784092
2023-12-14,117310.51173135519
2023-12-15,124338.74978027464
2023-12-16,122432.5667577937
2023-12-17,8193.09204703342
2023-12-18,101683.85105988331
2023-12-19,113629.21329787193
2023-12-20,56982.65600112235
2023-12-21,48359.371852252356
2023-12-22,32646.195043002615
2023-12-23,108279.53500846104
2023-12-24,116877.30147627452
2023-12-25,13120.747617514522
2023-12-26,44488.46171425737
2023-12-27,63977.799894182135
2023-12-28,95286.36702673804
2023-12-29,30428.743836420443
2023-12-30,48433.56138836081
2023-12-31,95863.50649531354
